<?xml version="1.0" encoding="UTF-8"?>
<!DOCTYPE hibernate-mapping PUBLIC "-//Hibernate/Hibernate Mapping DTD 3.0//EN" "http://hibernate.sourceforge.net/hibernate-mapping-3.0.dtd">
<hibernate-mapping>
    <class name="com.cfp403.modelos.Camion" table="camion">
        <id name="id" type="java.lang.Integer">
            <column name="camion_id" />
            <generator class="increment" />
        </id>
        <property name="patente" type="string">
            <column name="camion_patente" length="45" />
        </property>
        <property name="marca" type="string">
            <column name="camion_marca" length="45" />
        </property>
        <property name="modelo" type="string">
            <column name="camion_modelo" length="45" />
        </property>
    </class>
</hibernate-mapping>
